{
	"format_version": "1.8.0",
	"animations": {
		"animation.RWMC_leviathan.test": {
			"loop": true,
			"bones": {
				"root": {
					"position": [-30, -42, 13]
				},
				"seg1": {
					"rotation": [0, 0, 90],
					"position": [-560, -587, 0]
				},
				"seg2": {
					"rotation": {
						"0.0": [0.00066, -0.52196, -0.14422],
						"0.0417": [-0.01433, -0.82167, 1.99879]
					}
				},
				"seg3": {
					"rotation": {
						"0.0": [0.00131, 1.63564, -0.07742],
						"0.0417": [-0.16128, -0.05224, 5.08361]
					}
				},
				"seg4": {
					"rotation": {
						"0.0": [0.00164, -2.98935, -0.15665],
						"0.0417": [-0.5518, -6.18077, 14.29624]
					}
				},
				"seg5": {
					"rotation": {
						"0.0": [0.00072, -0.20443, -0.40496],
						"0.0417": [-3.90798, -10.61713, 40.32349]
					}
				},
				"seg6": {
					"rotation": {
						"0.0": [0.02396, -2.77612, -0.98875],
						"0.0417": [-4.26017, -11.4013, 40.87019]
					}
				},
				"seg7": {
					"rotation": {
						"0.0": [-0.0137, -6.28156, -1.36415],
						"0.0417": [-1.04615, -5.9575, 19.90246]
					}
				},
				"seg8": {
					"rotation": {
						"0.0": [0.50433, -11.94193, -4.81908]
					}
				},
				"seg9": {
					"rotation": {
						"0.0": [1.60015, -19.76196, -7.69842]
					}
				},
				"seg10": {
					"rotation": {
						"0.0": [1.72604, -24.18732, -8.04297]
					}
				},
				"seg11": {
					"rotation": {
						"0.0": [1.54617, -21.97847, -7.95004]
					}
				},
				"seg12": {
					"rotation": {
						"0.0": [0.81906, -16.27412, -5.7238]
					}
				},
				"seg13": {
					"rotation": {
						"0.0": [0.35216, -10.79575, -3.72563]
					}
				},
				"seg14": {
					"rotation": {
						"0.0": [0.15923, -7.2962, -2.49711]
					}
				},
				"seg15": {
					"rotation": {
						"0.0": [0.0819, -5.24406, -1.78822]
					}
				},
				"seg16": {
					"rotation": {
						"0.0": [0.04399, -3.84731, -1.30964]
					}
				},
				"seg17": {
					"rotation": {
						"0.0": [0.02292, -2.77848, -0.94493]
					}
				},
				"seg18": {
					"rotation": {
						"0.0": [0.00806, -1.6482, -0.56021]
					}
				}
			}
		},
		"animation.RWMC_leviathan.mouth_still": {
			"loop": true,
			"animation_length": 2,
			"bones": {
				"mouth_bottom": {
					"position": {
						"0.0": [14, 0, 0],
						"1.0": [14, 0, 0]
					}
				},
				"Mouth1": {
					"rotation": {
						"0.0": [0, 0, 0],
						"1.625": [0, 0, 0]
					},
					"position": {
						"0.0": [0, 0, 0],
						"1.0": [0, -1, 0],
						"2.0": [0, 0, 0]
					}
				},
				"mouth_top": {
					"position": {
						"0.0": [13, 0, 0],
						"1.0": [13, 0, 0]
					}
				},
				"Mouth2": {
					"position": {
						"0.0": [0, 0, 0],
						"1.0": [0, 1, 0],
						"2.0": [0, 0, 0]
					}
				},
				"Mouth_attachements2": {
					"rotation": [0, 0, 0],
					"position": [0, 0, 0]
				},
				"Mouth_attachements8": {
					"rotation": [0, 0, 0],
					"position": [0, 0, 0]
				},
				"Mouth_attachements4": {
					"rotation": [0, 0, 0],
					"position": [0, 0, 0]
				},
				"Mouth_attachements7": {
					"rotation": [0, 0, 2.5],
					"position": [0, 0, 0]
				},
				"Mouth_attachements": {
					"rotation": [0, 0, 0],
					"position": [0, 0, 0]
				},
				"Mouth_attachements3": {
					"rotation": {
						"0.0": [0, 0, 0],
						"1.5": [0, 0, 0]
					},
					"position": {
						"0.0": [0, 0, 0],
						"1.5": [0, 0, 0]
					}
				},
				"Mouth_attachements6": {
					"rotation": {
						"0.0": [0, 0, 0],
						"1.5": [0, 0, 0]
					},
					"position": {
						"0.0": [0, 0, 0],
						"1.5": [0, 1, 0]
					}
				},
				"Mouth_attachements5": {
					"rotation": [0, 0, 0],
					"position": [0, 0, 0]
				}
			}
		},
		"animation.RWMC_leviathan.opening_mouth": {
			"loop": "hold_on_last_frame",
			"animation_length": 1,
			"bones": {
				"mouth_bottom": {
					"position": [14, 0, 0]
				},
				"Mouth1": {
					"rotation": {
						"0.0": [0, 0, 0],
						"1.0": [0, 0, -5]
					},
					"position": {
						"0.0": [0, 0, 0],
						"1.0": [-20, 0, 0]
					}
				},
				"Mouth_attachements2": {
					"rotation": {
						"0.0": [0, 0, 0],
						"1.0": [0, 0, -85]
					},
					"position": {
						"0.0": [0, 0, 0],
						"1.0": [-5, 4, 0]
					}
				},
				"Mouth_attachements8": {
					"rotation": {
						"0.0": [0, 0, 0],
						"1.0": [0, 0, 60]
					},
					"position": {
						"0.0": [0, 0, 0],
						"1.0": [0, 3, 0]
					}
				},
				"Mouth_attachements4": {
					"rotation": {
						"0.0": [0, 0, 0],
						"1.0": [0, 0, 15]
					},
					"position": {
						"0.0": [0, 0, 0],
						"1.0": [8, 9, 0]
					}
				},
				"Mouth_attachements7": {
					"rotation": {
						"0.0": [0, 0, 0],
						"1.0": [0, 0, -17.5]
					},
					"position": {
						"0.0": [0, 0, 0],
						"1.0": [-9, 1, 0]
					}
				},
				"mouth_top": {
					"position": [13, 0, 0]
				},
				"Mouth2": {
					"rotation": {
						"0.0": [0, 0, 0],
						"1.0": [0, 0, 7.5]
					},
					"position": {
						"0.0": [0, 0, 0],
						"1.0": [-19, 0, 0]
					}
				},
				"Mouth_attachements": {
					"rotation": {
						"0.0": [0, 0, 0],
						"1.0": [0, 0, 75]
					},
					"position": {
						"0.0": [0, 0, 0],
						"1.0": [-7, 0, 0]
					}
				},
				"Mouth_attachements3": {
					"rotation": {
						"0.0": [0, 0, 0],
						"1.0": [0, 0, -20]
					},
					"position": {
						"0.0": [0, 0, 0],
						"1.0": [10, -3, 0]
					}
				},
				"Mouth_attachements6": {
					"rotation": {
						"0.0": [0, 0, 0],
						"1.0": [0, 0, -70]
					},
					"position": {
						"0.0": [0, 0, 0],
						"1.0": [-1, 3, 0]
					}
				},
				"Mouth_attachements5": {
					"rotation": {
						"0.0": [0, 0, 0],
						"1.0": [0, 0, 7.5]
					},
					"position": {
						"0.0": [0, 0, 0],
						"1.0": [-16, -1, 0]
					}
				}
			}
		},
		"animation.RWMC_leviathan.closing_mouth": {
			"loop": "hold_on_last_frame",
			"animation_length": 0.375,
			"bones": {
				"mouth_bottom": {
					"position": [14, 0, 0]
				},
				"Mouth1": {
					"rotation": {
						"0.0": [0, 0, -5],
						"0.375": [0, 0, 0]
					},
					"position": {
						"0.0": [-20, 0, 0],
						"0.375": [-39, 14, 0]
					}
				},
				"Mouth_attachements2": {
					"rotation": {
						"0.0": [0, 0, -85],
						"0.375": [0, 0, -80]
					},
					"position": {
						"0.0": [-5, 4, 0],
						"0.375": [-22, 13, 0]
					}
				},
				"Mouth_attachements8": {
					"rotation": {
						"0.0": [0, 0, 60],
						"0.375": [0, 0, 77.5]
					},
					"position": {
						"0.0": [0, 3, 0],
						"0.375": [-13, 3, 0]
					}
				},
				"Mouth_attachements4": {
					"rotation": {
						"0.0": [0, 0, 15],
						"0.375": [0, 0, 22.5]
					},
					"position": {
						"0.0": [8, 9, 0],
						"0.375": [2, 11, 0]
					}
				},
				"Mouth_attachements7": {
					"rotation": {
						"0.0": [0, 0, -17.5],
						"0.375": [0, 0, -5]
					},
					"position": {
						"0.0": [-9, 1, 0],
						"0.375": [-22, 9, 0]
					}
				},
				"mouth_top": {
					"position": [13, 0, 0]
				},
				"Mouth2": {
					"rotation": {
						"0.0": [0, 0, 7.5],
						"0.375": [0, 0, 0]
					},
					"position": {
						"0.0": [-19, 0, 0],
						"0.375": [-38, -12, 0]
					}
				},
				"Mouth_attachements": {
					"rotation": [0, 0, 75],
					"position": {
						"0.0": [-7, 0, 0],
						"0.375": [-26, -10, 0]
					}
				},
				"Mouth_attachements3": {
					"rotation": {
						"0.0": [0, 0, -20],
						"0.375": [0, 0, -32.5]
					},
					"position": {
						"0.0": [10, -3, 0],
						"0.375": [0, -3, 0]
					}
				},
				"Mouth_attachements6": {
					"rotation": {
						"0.0": [0, 0, -70],
						"0.375": [0, 0, -80]
					},
					"position": {
						"0.0": [-1, 3, 0],
						"0.375": [-7, 5, 0]
					}
				},
				"Mouth_attachements5": {
					"rotation": {
						"0.0": [0, 0, 7.5],
						"0.375": [0, 0, -10]
					},
					"position": {
						"0.0": [-16, -1, 0],
						"0.375": [-22, -4, 0]
					}
				}
			}
		},
		"animation.RWMC_leviathan.eating_&_opening": {
			"loop": "hold_on_last_frame",
			"animation_length": 3,
			"bones": {
				"mouth_bottom": {
					"position": [14, 0, 0]
				},